Protein1,Residue1,Protein2,Residue2,DB
Pom152,870,Pom152,888,endo_DSS
Pom152,764,Pom152,766,endo_DSS
Pom152,317,Pom152,322,endo_DSS
Pom152,922,Pom152,985,endo_DSS
Pom152,357,Pom152,363,endo_DSS
Pom152,697,Pom152,528,endo_DSS
Nup53,31,Pom152,914,endo_DSS
Pom152,683,Pom152,661,endo_DSS
Pom152,833,Pom152,881,endo_DSS
Pom152,799,Pom152,771,endo_DSS
Pom152,444,Pom152,322,endo_DSS
Pom152,697,Pom152,709,endo_DSS
Pom152,920,Pom152,985,endo_DSS
Pom152,704,Pom152,714,endo_DSS
Pom152,870,Pom152,885,endo_DSS
Pom152,444,Pom152,317,endo_DSS
Pom152,746,Pom152,720,endo_DSS
Pom152,838,Pom152,920,endo_DSS
Pom152,328,Pom152,444,endo_DSS
Pom152,848,Pom152,881,endo_DSS
Pom152,62,Pom152,62,endo_DSS
Pom152,311,Pom152,322,endo_DSS
Pom152,328,Pom152,317,endo_DSS
Pom152,363,Pom152,308,endo_DSS
Pom152,833,Pom152,914,endo_DSS
Pom152,563,Pom152,766,endo_DSS
Pom152,683,Pom152,720,endo_DSS
Pom152,311,Pom152,321,endo_DSS
Pom152,72,Nup157,736,endo_DSS
Pom152,62,Pom152,81,endo_DSS
Pom152,781,Pom152,766,endo_DSS
Pom152,683,Pom152,774,endo_DSS
Pom152,90,Pom152,72,endo_DSS
Pom152,328,Pom152,321,endo_DSS
Pom152,90,Pom152,62,endo_DSS
Pom152,72,Nup157,732,endo_DSS
Pom152,72,Nic96,592,endo_DSS
Pom152,836,Pom152,914,endo_DSS
Nup157,732,Pom152,81,endo_DSS
Pom152,363,Pom152,307,endo_DSS
Pom152,52,Nic96,592,endo_DSS
Nic96,592,Pom152,62,new_123
