#Protein1,Residue1,Protein2,Residue2,DB
Nup82,671,Nup145N,559,endo_DSS
Nup116,856,Nup116,863,endo_DSS
Nup116,1070,Nup116,952,endo_DSS
Nup116,943,Nup116,1067,endo_DSS
Nup100,760,Nup100,744,endo_DSS
Nup116,753,Nup57,382,endo_DSS
Nup188,423,Nup100,709,endo_DSS
Nup145N,395,Nup145N,384,endo_DSS
Nsp1,661,Nic96,1,endo_DSS
Nup100,717,Nup100,709,endo_DSS
Nup116,778,Nup116,772,endo_DSS
Nup145N,565,Nup145N,421,endo_DSS
Nup116,915,Nup116,901,endo_DSS
Nup59,257,Nup59,223,endo_DSS
Nup100,925,Nup100,932,endo_DSS
Nic96,173,Nic96,167,endo_DSS
Nic96,9,Nic96,1,endo_DSS
Nup49,463,Nic96,64,endo_DSS
Nup57,389,Nup116,772,endo_DSS
Nup116,935,Nup116,924,endo_DSS
Nup116,856,Nup100,709,endo_DSS
Nup116,852,Nup116,856,endo_DSS
Nup57,496,Nic96,9,endo_DSS
Nic96,68,Nup49,463,endo_DSS
Nic96,181,Nic96,543,endo_DSS
Nup116,895,Nup116,901,endo_DSS
Nup145N,444,Nup145N,565,endo_DSS
Nup57,496,Nic96,16,endo_DSS
Nsp1,671,Nic96,16,endo_DSS
Nsp1,671,Nic96,9,endo_DSS
Nup116,885,Nup116,924,endo_DSS
Nup116,943,Nup116,924,endo_DSS
Nup100,760,Nup100,914,endo_DSS
Nup100,769,Nup100,914,endo_DSS
Nup59,257,Nic96,315,endo_DSS
Nup116,1067,Nup116,952,endo_DSS
Nup53,31,Pom152,914,endo_DSS
Nup145N,395,Nup157,1189,endo_DSS
Nup53,134,Nup53,128,endo_DSS
Nic96,152,Nup188,1653,endo_DSS
Nup116,924,Nup116,951,endo_DSS
Nup116,924,Nup116,901,endo_DSS
Nup59,157,Nup49,463,endo_DSS
Nup49,463,Nic96,61,endo_DSS
Nup49,463,Nic96,172,endo_DSS
Nup145N,264,Nup145N,301,endo_DSS
Nup192,568,Nup59,157,endo_DSS
Nup116,1067,Nup116,951,endo_DSS
Nup145N,394,Nup145N,381,endo_DSS
Nup188,70,Nup116,778,endo_DSS
Nup59,257,Nup59,214,endo_DSS
Nup188,1653,Nic96,167,endo_DSS
Nsp1,660,Nic96,9,endo_DSS
Nup188,1604,Nup53,93,endo_DSS
Nup157,1229,Nup145N,372,endo_DSS
Nup145N,384,Nup145N,381,endo_DSS
Nup188,1610,Nup59,123,endo_DSS
Nup145N,444,Nup145N,562,endo_DSS
Nic96,88,Nup49,463,endo_DSS
Nic96,134,Nup145C,309,endo_DSS
Nup116,924,Nup116,943,endo_DSS
Nup100,760,Nup188,527,endo_DSS
Nup100,769,Nup100,917,endo_DSS
Nup145N,436,Nup145N,565,endo_DSS
Nup116,753,Nic96,9,endo_DSS
Nup100,653,Nup100,633,endo_DSS
Nup145N,524,Nup145N,565,endo_DSS
Nup53,200,Nup53,223,endo_DSS
Nup57,382,Nic96,1,endo_DSS
Nup188,423,Nup116,852,endo_DSS
Nup116,842,Nup116,2,endo_DSS
Nsp1,692,Nic96,1,endo_DSS
Nup57,435,Nup100,633,endo_DSS
Nup57,435,Nic96,1,endo_DSS
Nup116,924,Nup116,895,endo_DSS
Nic96,16,Nic96,1,endo_DSS
Nup192,568,Nup59,151,endo_DSS
Nup116,885,Nup116,901,endo_DSS
Nup116,897,Nup116,895,endo_DSS
Nup100,925,Nup100,930,endo_DSS
Nup59,223,Nup59,214,endo_DSS
Nup188,1604,Nup59,157,endo_DSS
Nic96,181,Nic96,172,endo_DSS
Nup116,952,Nsp1,370,endo_DSS
Nup116,863,Nup116,856,endo_DSS
Nup49,463,Nic96,59,endo_DSS
Nic96,188,Nic96,527,endo_DSS
Nup192,1649,Nic96,167,endo_DSS
Nic96,166,Nic96,172,endo_DSS
Nup116,770,Nup116,778,endo_DSS
Nup100,801,Nup100,917,endo_DSS
Nsp1,661,Nic96,9,endo_DSS
Nic96,188,Nup192,1471,endo_DSS
Nup100,769,Nup100,756,endo_DSS
Nic96,64,Nic96,172,endo_DSS
Nup116,924,Nup116,885,endo_DSS
Nup59,257,Nup53,409,endo_DSS
Nup59,257,Nup59,331,endo_DSS
Nup145N,384,Nup157,1194,endo_DSS
Nsp1,607,Nic96,9,endo_DSS
Nup116,897,Nup116,924,endo_DSS
Nup188,70,Nup116,772,endo_DSS
Nup116,961,Nup116,998,endo_DSS
Nup100,876,Nup100,917,endo_DSS
Nup116,842,Nup100,709,endo_DSS
Nup116,1029,Nup116,1070,endo_DSS
Nup100,760,Nup100,917,endo_DSS
Nup145N,395,Nup188,527,endo_DSS
Nup59,257,Nic96,211,endo_DSS
Nup100,744,Nup100,760,endo_DSS
Nup145N,455,Nup145N,565,endo_DSS
Nup100,801,Nup100,914,endo_DSS
Nup100,876,Nup100,930,endo_DSS
Nup116,924,Nup116,989,endo_DSS
Nup116,924,Nup116,952,endo_DSS
Nup116,951,Nup116,989,endo_DSS
Nup145N,524,Nup145N,562,endo_DSS
Nup145N,395,Nup145N,381,endo_DSS
Nic96,188,Nic96,543,endo_DSS
Nup100,760,Nup116,924,endo_DSS
Nup145N,444,Nup145N,421,endo_DSS
Nup188,423,Nup116,856,endo_DSS
Nic96,188,Nic96,173,endo_DSS
Nup100,829,Nup100,836,endo_DSS
Nic96,188,Nic96,211,endo_DSS
Nup116,852,Nup188,527,endo_DSS
Nup100,744,Nup116,852,endo_DSS
Nup100,717,Nup116,856,endo_DSS
Nup145N,258,Nsp1,661,endo_DSS
Nic96,166,Nic96,173,endo_DSS
Nup145N,394,Nup157,1189,endo_DSS
Nup188,1604,Nup59,151,endo_DSS
Nic96,543,Nic96,173,endo_DSS
Nup145N,384,Nup157,1189,endo_DSS
Nup145N,394,Nup145N,421,endo_DSS
Nup100,628,Nsp1,661,endo_DSS
Nup53,174,Nic96,258,endo_DSS
Nup145N,384,Nup145N,372,endo_DSS
Nup100,717,Nup100,733,endo_DSS
Nup57,382,Nup116,772,endo_DSS
Nup116,1067,Nup159,1460,endo_DSS
Nup49,463,Nic96,173,endo_DSS
Nup49,327,Nic96,9,endo_DSS
Nup116,842,Nup116,856,endo_DSS
Nup49,317,Nic96,9,endo_DSS
Nup145N,258,Nic96,9,endo_DSS
Nup116,885,Nup188,1178,endo_DSS
Nup192,53,Nup116,772,endo_DSS
Nup116,770,Nup57,382,endo_DSS
Nup116,770,Nup116,777,endo_DSS
Nup49,317,Nic96,16,endo_DSS
Nup100,665,Nup100,671,endo_DSS
Nup188,1540,Nup59,151,endo_DSS
Nic96,188,Nic96,167,endo_DSS
Nup157,1085,Nup145N,301,endo_DSS
Nup53,226,Nup53,319,endo_DSS
Nup100,932,Nup100,925,endo_DSS
Nup116,885,Nup116,852,endo_DSS
Nup145N,258,Nup49,317,endo_DSS
Nup116,796,Nup116,810,endo_DSS
Nup145N,436,Nup145N,421,endo_DSS
Nup116,822,Nup116,814,endo_DSS
Nup59,209,Nup59,223,endo_DSS
Nup57,342,Nic96,9,endo_DSS
Nup59,209,Nup59,214,endo_DSS
Nic96,68,Nic96,61,endo_DSS
Nup145N,258,Nup145N,301,endo_DSS
Nup57,471,Nup100,671,endo_DSS
Nup116,852,Nup188,525,endo_DSS
Nsp1,816,Nic96,61,endo_DSS
Nup53,226,Nic96,211,endo_DSS
Nup100,849,Nup100,801,endo_DSS
Nup53,223,Nup53,319,endo_DSS
Nup57,508,Nic96,9,endo_DSS
Nup100,639,Nup192,1369,endo_DSS
Nup100,628,Nic96,9,endo_DSS
Nup116,1070,Nup116,951,endo_DSS
Nup188,981,Nic96,9,endo_DSS
Nup116,822,Nup116,810,endo_DSS
Nup57,529,Nic96,9,endo_DSS
Nup100,910,Nup100,930,endo_DSS
Nup116,1063,Nup116,1086,endo_DSS
Nup57,529,Nic96,1,endo_DSS
Nic96,9,Nup49,332,endo_DSS
Nup188,1638,Nic96,1,endo_DSS
Nup1,296,Nup100,717,endo_DSS
Nup53,200,Nup53,226,endo_DSS
Nup53,174,Nic96,292,endo_DSS
Nup100,733,Nup100,717,endo_DSS
Nup116,885,Nup116,1067,endo_DSS
Nup116,885,Nup116,863,endo_DSS
Nup57,489,Nic96,9,endo_DSS
Nup170,1209,Nic96,167,endo_DSS
Nic96,157,Nic96,167,endo_DSS
Nup116,814,Nup116,798,endo_DSS
Nup116,895,Nup116,1067,endo_DSS
Nic96,188,Nic96,172,endo_DSS
Nup116,915,Nup116,895,endo_DSS
Nup116,777,Nup116,772,endo_DSS
Nup145N,258,Nup49,463,endo_DSS
Nup59,257,Nup59,336,endo_DSS
Nup116,1067,Nup116,901,endo_DSS
Nup116,885,Nup116,856,endo_DSS
Nup59,209,Nic96,312,endo_DSS
Nup170,1295,Nup145N,384,endo_DSS
Nsp1,795,Nic96,9,endo_DSS
Nup49,382,Nic96,1,endo_DSS
Nup116,885,Nup100,836,endo_DSS
Nup116,842,Nup188,527,endo_DSS
Nic96,21,Nic96,9,endo_DSS
Nup100,887,Nup100,836,endo_DSS
Nic96,68,Nic96,64,endo_DSS
Nic96,21,Nup100,814,endo_DSS
Nup116,852,Nup116,863,endo_DSS
Nup157,1229,Nup145N,370,endo_DSS
Nup100,932,Nup1,348,endo_DSS
Nup100,633,Nic96,9,endo_DSS
Nup188,1645,Nup53,128,endo_DSS
Nup192,1374,Nup145N,301,endo_DSS
Nup59,151,Nic96,16,endo_DSS
Nup116,952,Nup116,1070,endo_DSS
Nsp1,661,Nup145N,264,endo_DSS
Nup116,852,Nup100,709,endo_DSS
Nup116,796,Nup100,668,endo_DSS
Nup53,223,Nup53,394,endo_DSS
Nup100,733,Nup100,709,endo_DSS
Nup170,1209,Nic96,173,endo_DSS
Nup116,770,Nup192,1,endo_DSS
Nic96,9,Nup57,400,endo_DSS
Nup145N,476,Nup145C,39,endo_DSS
Nup188,1216,Nup145N,301,endo_DSS
Nup145N,382,Nup157,1194,endo_DSS
Nup2,262,Nup145N,421,endo_DSS
Nup100,731,Nup100,709,endo_DSS
Nup188,1244,Nup53,2,endo_DSS
Nic96,526,Nup145N,301,endo_DSS
Nup116,796,Nup100,671,endo_DSS
Nup59,151,Nup49,463,endo_DSS
Pom34,278,Nup100,668,endo_DSS
Nup100,925,Nup1,348,endo_DSS
Nsp1,370,Nup145N,372,endo_DSS
Nup100,671,Nup116,806,new_19
Nup1,283,Nup116,863,new_19
Nic96,1,Nup157,860,new_19
Nic96,167,Nup49,463,new_19
Nup100,633,Nup57,423,new_19
Nsp1,613,Nup116,772,new_19
Nic96,1,Nsp1,585,new_19
Nic96,188,Nup170,1144,new_123
Nup145N,301,Nup57,480,new_123
Nic96,188,Nup170,1140,new_123
Nup100,653,Nup57,480,new_123
Nup145N,264,Nup49,317,new_123
Nic96,166,Nup192,1649,new_123
Nsp1,661,Nup59,151,new_123
Nup100,756,Nup188,522,new_123
Nic96,1,Nup49,317,new_123
Nup145N,264,Nup49,382,new_123
Nup188,1530,Nup59,151,new_123
Nup188,1638,Nup59,126,new_123
Nic96,1,Nup57,400,new_123
Nup145N,301,Nup188,1304,new_123
Nup170,1014,Nup59,209,new_123
Nup100,671,Nup116,798,new_123
Nup57,508,Nup59,151,new_123
Nic96,1,Nup57,467,new_123
Nup1,296,Nup100,733,new_123
Nup116,895,Nup145N,372,new_123
Nic96,211,Nup53,223,new_123
Nic96,1,Nsp1,823,new_123
Nup116,778,Nup188,243,new_123
Nic96,1,Nsp1,660,new_123
Nic96,1,Nup49,463,new_123
Nic96,1,Nup49,295,new_123
Nup116,863,Nup188,423,new_123
Nup1,288,Nup116,863,new_123
Nup188,1638,Nup53,93,new_123
Nic96,1,Nup57,496,new_123
Nic96,9,Nup192,961,new_123
Nic96,211,Nup53,200,new_123
Nic96,9,Nup59,151,new_123
Nup100,717,Nup188,423,new_123
Nup1,288,Nup100,717,new_123
